Abundant,
Accomplished,
Adaptable,
Admirable,
Adorable,
Adventurous,
Affectionate,
Aggressive,
Agile,
Alert,
Almond,
Amazing,
Amber,
Ambered,
Amusing,
Ancient,
Angelic,
Animated,
Appreciative,
Apricot,
Arcane,
Aromatic,
Artful,
Artistic,
Ashen,
Assertive,
Astonishing,
Athletic,
Attentive,
Audacious,
Authentic,
Autumnal,
Azure,
Balanced,
Balmy,
Barked,
Bashful,
Bastion,
Beaming,
Beautiful,
Believable,
Beloved,
Beneficial,
Benevolent,
Blazing,
Blissful,
Blithe,
Blooming,
Bold,
Brave,
Breezed,
Breezy,
Bright,
Brilliant,
Brisk,
Bronze,
Brushed,
Budding,
Buoyant,
Burnished,
Calm,
Candlelit,
Canopy,
Capable,
Captivating,
Carefree,
Careful,
Caring,
Cautious,
Celeste,
Celestial,
Cerulean,
Charmed,
Charming,
Cheerful,
Chestnut,
Chic,
Chilling,
Chilly,
Cinder,
Citrine,
Clear,
Clearcut,
Clever,
Clinging,
Clouded,
Cloudless,
Cobalt,
Comfortable,
Compassionate,
Confident,
Conscientious,
Considerate,
Cool,
Courageous,
Cozy,
Creative,
Crimson,
Crimsoned,
Crisp,
Crystal,
Crystalline,
Curious,
Dappled,
Daring,
Dawn,
Dawnlit,
Dazzling,
Decisive,
Deep,
Delicate,
Delightful,
Determined,
Devoted,
Dewy,
Diligent,
Diplomatic,
Divine,
Dreamy,
Drifted,
Driftwood,
Duskened,
Dusky,
Dynamic,
Eager,
Earnest,
Earthy,
Easygoing,
Ebon,
Ebony,
Educated,
Effervescent,
Efficient,
Elegant,
Elfin,
Ember,
Embered,
Emerald,
Enchanted,
Endless,
Energetic,
Engaging,
Enigmatic,
Enthusiastic,
Epic,
Ethereal,
Ethical,
Evergreen,
Excellent,
Exceptional,
Exciting,
Exuberant,
Fabled,
Faint,
Fair,
Faithful,
Falling,
Famous,
Fancy,
Fascinating,
Fearless,
Feathered,
Feral,
Festive,
Fierce,
Fiery,
Fine,
Flared,
Flawless,
Fleeting,
Flexible,
Flickering,
Flourishing,
Focused,
Fogbound,
Foggy,
Forested,
Forgiving,
Fortunate,
Fragile,
Friendly,
Frostbitten,
Frosted,
Frosty,
Fun,
Fungal,
Funny,
Gale,
Generous,
Gentle,
Genuine,
Gilded,
Glacial,
Glamorous,
Gleaming,
Glimmering,
Glinting,
Glittering,
Glorious,
Glossed,
Glossy,
Golden,
Goldenrod,
Good,
Graceful,
Gracious,
Grand,
Grandiose,
Grassy,
Green,
Greenish,
Greyed,
Grim,
Gusty,
Hallowed,
Happy,
Hardy,
Harmonious,
Haunted,
Hazel,
Helpful,
Hidden,
Hollow,
Honest,
Honeyed,
Honorable,
Hopeful,
Humble,
Humorous,
Icy,
Idealistic,
Illuminated,
Imaginative,
Important,
Incandescent,
Incredible,
Indigo,
Industrious,
Infinite,
Infused,
Inked,
Innocent,
Innovative,
Insightful,
Inspired,
Intelligent,
Intrepid,
Inventive,
Inviting,
Iridescent,
Ironwood,
Ivory,
Jade,
Jadeite,
Jovial,
Joyful,
Joyous,
Jubilant,
Just,
Keen,
Kind,
Knowledgeable,
Laced,
Lacy,
Languid,
Languorous,
Lavender,
Lavendered,
Leafed,
Leafless,
Leafy,
Lemon,
Lichened,
Light,
Lighted,
Liminal,
Limpid,
Lively,
Lofty,
Loving,
Lucky,
Luminous,
Lush,
Lustrous,
Magical,
Magnificent,
Majestic,
Marvelous,
Mauve,
Mellow,
Mellowed,
Melodic,
Merciful,
Mesmerizing,
Meticulous,
Mighty,
Misted,
Misty,
Modest,
Moonlit,
Moonshadow,
Moonstone,
Mossy,
Motivated,
Muddy,
Mulberry,
Murmuring,
Mystic,
Mystical,
Natural,
Naturalistic,
Neat,
Nebulaed,
Nebulous,
Nectarous,
Noble,
Nocturnal,
Noisy,
North,
Notable,
Nutty,
Observant,
Obsidian,
Oceanic,
Olive,
Opal,
Opalescent,
Open,
Optimistic,
Opulent,
Orange,
Orchid,
Outstanding,
Pale,
Passionate,
Pastel,
Peaceable,
Peaceful,
Pearled,
Perennial,
Perfect,
Periwinkle,
Persistent,
Pink,
Piquant,
Placid,
Pleasant,
Plum,
Plush,
Poetic,
Polished,
Popular,
Powerful,
Practical,
Precious,
Precise,
Prime,
Prismatic,
Pristine,
Proactive,
Proud,
Pure,
Quaking,
Quick,
Quiet,
Radiant,
Rainy,
Rational,
Reassuring,
Reflecting,
Reflective,
Regal,
Reliable,
Remarkable,
Resilient,
Resourceful,
Respectful,
Resplendent,
Responsible,
Rich,
Richly,
Rippling,
Robust,
Ruby,
Rugged,
Rustic,
Sable,
Safe,
Saffron,
Sage,
Sagebrush,
Sanguine,
Sapphire,
Satisfying,
Savvy,
Scarlet,
Scenic,
Scented,
Scintillating,
Secure,
Sensible,
Sensitive,
Seraphic,
Serene,
Shaded,
Shadowed,
Shadowy,
Shale,
Sharp,
Shimmered,
Shimmering,
Shining,
Shiny,
Silken,
Silvery,
Simple,
Skilled,
Skyward,
Sleek,
Slender,
Smart,
Smoldering,
Snowy,
Sociable,
Soft,
Solar,
Solid,
Solitary,
Somber,
Soothing,
Sophisticated,
Sparkling,
Spindly,
Spirited,
Spiritual,
Spontaneous,
Springing,
Stable,
Stalwart,
Starlit,
Starry,
Steadfast,
Steely,
Stiff,
Still,
Stony,
Stormy,
Strong,
Stunning,
Successful,
Sunlit,
Sunny,
Superb,
Supportive,
Sweet,
Talented,
Tangy,
Tawny,
Teal,
Temperate,
Tempestuous,
Tenacious,
Tender,
Terraced,
Thorny,
Thoughtful,
Thrilling,
Timbered,
Timeless,
Tinted,
Tiny,
Tranquil,
Treasured,
Trembling,
Trusting,
Trustworthy,
Twilight,
Twinkling,
Umber,
Umbral,
Unbound,
Unique,
Untamed,
Upbeat,
Useful,
Verdant,
Verdure,
Vibrant,
Vicarious,
Victorious,
Vigilant,
Vigorous,
Violet,
Virtuous,
Vivacious,
Vivid,
Wandering,
Warm,
Watery,
Wealthy,
Weeping,
Welcoming,
Western,
Whimsical,
Whispering,
Wild,
Wildflower,
Willowy,
Windy,
Winsome,
Wintery,
Wise,
Wispy,
Wistful,
Wonderful,
Wondrous,
Woodland,
Yellowed,
Youthful,
Zealous,
Zephyr,
Zesty,